-- AUTO-GENERATED by scripts/gen-seed.mjs — do not edit by hand.
-- Deterministic demo data for "Mo's Coffee Roasters".

INSERT INTO customers (id, name, email, locale, created_at) VALUES ('cst_004100', 'Lotte de Vries', 'lotte.devries@example.com', 'nl_NL', '2026-02-17T21:44:37.265Z');
INSERT INTO customers (id, name, email, locale, created_at) VALUES ('cst_004107', 'James Okafor', 'james.okafor@example.co.uk', 'en_GB', '2025-07-30T21:44:37.265Z');
INSERT INTO customers (id, name, email, locale, created_at) VALUES ('cst_004114', 'Sofia Marchetti', 'sofia.marchetti@example.it', 'it_IT', '2025-12-19T21:44:37.265Z');
INSERT INTO customers (id, name, email, locale, created_at) VALUES ('cst_004121', 'Daniel Kremer', 'daniel.kremer@example.de', 'de_DE', '2026-06-09T21:44:37.265Z');
INSERT INTO customers (id, name, email, locale, created_at) VALUES ('cst_004128', 'Amara Nwosu', 'amara.nwosu@example.com', 'en_US', '2025-07-22T21:44:37.265Z');
INSERT INTO customers (id, name, email, locale, created_at) VALUES ('cst_004135', 'Pieter Bakker', 'pieter.bakker@example.nl', 'nl_NL', '2025-06-25T21:44:37.265Z');
INSERT INTO customers (id, name, email, locale, created_at) VALUES ('cst_004142', 'Chloé Dubois', 'chloe.dubois@example.fr', 'fr_FR', '2025-09-22T21:44:37.265Z');
INSERT INTO customers (id, name, email, locale, created_at) VALUES ('cst_004149', 'Yuki Tanaka', 'yuki.tanaka@example.com', 'en_US', '2025-06-20T21:44:37.265Z');
INSERT INTO customers (id, name, email, locale, created_at) VALUES ('cst_004156', 'Emma Johansson', 'emma.johansson@example.se', 'sv_SE', '2025-10-17T21:44:37.265Z');
INSERT INTO customers (id, name, email, locale, created_at) VALUES ('cst_004163', 'Marco Silva', 'marco.silva@example.pt', 'pt_PT', '2025-09-29T21:44:37.265Z');
INSERT INTO settlements (id, reference, amount_cents, currency, status, created_at, settled_at) VALUES ('stl_009000', '1180.000.2026', 0, 'EUR', 'open', '2026-07-20T21:44:37.265Z', NULL);
INSERT INTO settlements (id, reference, amount_cents, currency, status, created_at, settled_at) VALUES ('stl_009001', '1180.001.2026', 0, 'EUR', 'pending', '2026-07-13T21:44:37.265Z', NULL);
INSERT INTO settlements (id, reference, amount_cents, currency, status, created_at, settled_at) VALUES ('stl_009002', '1180.002.2026', 0, 'EUR', 'paidout', '2026-07-06T21:44:37.265Z', '2026-07-07T21:44:37.265Z');
INSERT INTO settlements (id, reference, amount_cents, currency, status, created_at, settled_at) VALUES ('stl_009003', '1180.003.2026', 0, 'EUR', 'paidout', '2026-06-29T21:44:37.265Z', '2026-06-30T21:44:37.265Z');
INSERT INTO settlements (id, reference, amount_cents, currency, status, created_at, settled_at) VALUES ('stl_009004', '1180.004.2026', 0, 'EUR', 'paidout', '2026-06-22T21:44:37.265Z', '2026-06-23T21:44:37.265Z');
INSERT INTO settlements (id, reference, amount_cents, currency, status, created_at, settled_at) VALUES ('stl_009005', '1180.005.2026', 0, 'EUR', 'paidout', '2026-06-15T21:44:37.265Z', '2026-06-16T21:44:37.265Z');
INSERT INTO payments (id, status, amount_cents, amount_refunded_cents, currency, method, description, customer_id, settlement_id, created_at, paid_at) VALUES ('tr_0020260000', 'paid', 5800, 0, 'EUR', 'ideal', 'House Espresso Blend 500g', 'cst_004100', 'stl_009005', '2026-07-02T15:20:53.265Z', '2026-07-02T15:21:00.265Z');
INSERT INTO payments (id, status, amount_cents, amount_refunded_cents, currency, method, description, customer_id, settlement_id, created_at, paid_at) VALUES ('tr_0020260137', 'paid', 17800, 0, 'EUR', 'paypal', 'Barista starter kit', 'cst_004163', 'stl_009005', '2026-06-30T21:28:55.265Z', '2026-06-30T21:30:09.265Z');
INSERT INTO payments (id, status, amount_cents, amount_refunded_cents, currency, method, description, customer_id, settlement_id, created_at, paid_at) VALUES ('tr_0020260274', 'paid', 1650, 0, 'EUR', 'banktransfer', 'Decaf Swiss Water 500g', 'cst_004149', 'stl_009003', '2026-06-18T00:50:31.265Z', '2026-06-18T00:50:42.265Z');
INSERT INTO payments (id, status, amount_cents, amount_refunded_cents, currency, method, description, customer_id, settlement_id, created_at, paid_at) VALUES ('tr_0020260411', 'canceled', 1450, 0, 'EUR', 'paypal', 'House Espresso Blend 500g', NULL, NULL, '2026-07-16T10:39:08.265Z', NULL);
INSERT INTO payments (id, status, amount_cents, amount_refunded_cents, currency, method, description, customer_id, settlement_id, created_at, paid_at) VALUES ('tr_0020260548', 'paid', 3600, 0, 'EUR', 'ideal', 'Single-origin sampler box', 'cst_004128', 'stl_009005', '2026-06-14T07:30:13.265Z', '2026-06-14T07:30:40.265Z');
INSERT INTO payments (id, status, amount_cents, amount_refunded_cents, currency, method, description, customer_id, settlement_id, created_at, paid_at) VALUES ('tr_0020260685', 'paid', 2200, 0, 'EUR', 'creditcard', 'Monthly beans subscription', 'cst_004149', 'stl_009003', '2026-06-25T12:10:57.265Z', '2026-06-25T12:12:03.265Z');
INSERT INTO payments (id, status, amount_cents, amount_refunded_cents, currency, method, description, customer_id, settlement_id, created_at, paid_at) VALUES ('tr_0020260822', 'paid', 1650, 0, 'EUR', 'applepay', 'Decaf Swiss Water 500g', NULL, 'stl_009001', '2026-06-19T05:34:50.265Z', '2026-06-19T05:35:28.265Z');
INSERT INTO payments (id, status, amount_cents, amount_refunded_cents, currency, method, description, customer_id, settlement_id, created_at, paid_at) VALUES ('tr_0020260959', 'paid', 3300, 0, 'EUR', 'creditcard', 'Decaf Swiss Water 500g', 'cst_004142', 'stl_009005', '2026-06-29T05:37:29.265Z', '2026-06-29T05:38:10.265Z');
INSERT INTO payments (id, status, amount_cents, amount_refunded_cents, currency, method, description, customer_id, settlement_id, created_at, paid_at) VALUES ('tr_0020261096', 'paid', 2900, 0, 'EUR', 'creditcard', 'Colombia Supremo 1kg', 'cst_004128', 'stl_009001', '2026-07-12T08:26:19.265Z', '2026-07-12T08:26:42.265Z');
INSERT INTO payments (id, status, amount_cents, amount_refunded_cents, currency, method, description, customer_id, settlement_id, created_at, paid_at) VALUES ('tr_0020261233', 'paid', 6400, 0, 'EUR', 'ideal', 'Ethiopia Yirgacheffe 1kg', 'cst_004107', 'stl_009005', '2026-06-25T13:11:24.265Z', '2026-06-25T13:11:40.265Z');
INSERT INTO payments (id, status, amount_cents, amount_refunded_cents, currency, method, description, customer_id, settlement_id, created_at, paid_at) VALUES ('tr_0020261370', 'paid', 5800, 0, 'EUR', 'paypal', 'House Espresso Blend 500g', 'cst_004142', 'stl_009002', '2026-06-16T10:17:44.265Z', '2026-06-16T10:17:55.265Z');
INSERT INTO payments (id, status, amount_cents, amount_refunded_cents, currency, method, description, customer_id, settlement_id, created_at, paid_at) VALUES ('tr_0020261507', 'paid', 1650, 0, 'EUR', 'creditcard', 'Decaf Swiss Water 500g', 'cst_004163', 'stl_009001', '2026-06-11T08:02:29.265Z', '2026-06-11T08:03:39.265Z');
INSERT INTO payments (id, status, amount_cents, amount_refunded_cents, currency, method, description, customer_id, settlement_id, created_at, paid_at) VALUES ('tr_0020261644', 'paid', 5500, 0, 'EUR', 'klarna', 'Ceramic pour-over dripper', 'cst_004121', 'stl_009001', '2026-07-11T05:32:40.265Z', '2026-07-11T05:33:24.265Z');
INSERT INTO payments (id, status, amount_cents, amount_refunded_cents, currency, method, description, customer_id, settlement_id, created_at, paid_at) VALUES ('tr_0020261781', 'paid', 1450, 0, 'EUR', 'klarna', 'House Espresso Blend 500g', 'cst_004135', 'stl_009001', '2026-06-11T20:15:19.265Z', '2026-06-11T20:15:44.265Z');
INSERT INTO payments (id, status, amount_cents, amount_refunded_cents, currency, method, description, customer_id, settlement_id, created_at, paid_at) VALUES ('tr_0020261918', 'paid', 1450, 0, 'EUR', 'paypal', 'House Espresso Blend 500g', 'cst_004135', 'stl_009005', '2026-06-21T10:28:51.265Z', '2026-06-21T10:29:21.265Z');
INSERT INTO payments (id, status, amount_cents, amount_refunded_cents, currency, method, description, customer_id, settlement_id, created_at, paid_at) VALUES ('tr_0020262055', 'paid', 5000, 0, 'EUR', 'ideal', 'Gift card', 'cst_004100', 'stl_009004', '2026-06-27T08:53:42.265Z', '2026-06-27T08:53:49.265Z');
INSERT INTO payments (id, status, amount_cents, amount_refunded_cents, currency, method, description, customer_id, settlement_id, created_at, paid_at) VALUES ('tr_0020262192', 'paid', 4400, 0, 'EUR', 'paypal', 'Monthly beans subscription', 'cst_004149', 'stl_009002', '2026-06-28T05:56:12.265Z', '2026-06-28T05:57:31.265Z');
INSERT INTO payments (id, status, amount_cents, amount_refunded_cents, currency, method, description, customer_id, settlement_id, created_at, paid_at) VALUES ('tr_0020262329', 'paid', 4350, 0, 'EUR', 'ideal', 'House Espresso Blend 500g', NULL, 'stl_009003', '2026-06-17T07:57:29.265Z', '2026-06-17T07:57:39.265Z');
INSERT INTO payments (id, status, amount_cents, amount_refunded_cents, currency, method, description, customer_id, settlement_id, created_at, paid_at) VALUES ('tr_0020262466', 'paid', 1650, 0, 'EUR', 'ideal', 'Decaf Swiss Water 500g', NULL, 'stl_009002', '2026-06-18T23:11:36.265Z', '2026-06-18T23:13:04.265Z');
INSERT INTO payments (id, status, amount_cents, amount_refunded_cents, currency, method, description, customer_id, settlement_id, created_at, paid_at) VALUES ('tr_0020262603', 'paid', 2900, 0, 'EUR', 'ideal', 'Colombia Supremo 1kg', 'cst_004149', 'stl_009001', '2026-07-11T08:05:36.265Z', '2026-07-11T08:06:00.265Z');
INSERT INTO payments (id, status, amount_cents, amount_refunded_cents, currency, method, description, customer_id, settlement_id, created_at, paid_at) VALUES ('tr_0020262740', 'paid', 4400, 0, 'EUR', 'bancontact', 'Monthly beans subscription', 'cst_004149', 'stl_009004', '2026-06-22T20:13:18.265Z', '2026-06-22T20:14:11.265Z');
INSERT INTO payments (id, status, amount_cents, amount_refunded_cents, currency, method, description, customer_id, settlement_id, created_at, paid_at) VALUES ('tr_0020262877', 'paid', 11000, 0, 'EUR', 'creditcard', 'Ceramic pour-over dripper', NULL, 'stl_009005', '2026-07-10T07:27:48.265Z', '2026-07-10T07:28:31.265Z');
INSERT INTO payments (id, status, amount_cents, amount_refunded_cents, currency, method, description, customer_id, settlement_id, created_at, paid_at) VALUES ('tr_0020263014', 'paid', 2750, 0, 'EUR', 'ideal', 'Ceramic pour-over dripper', 'cst_004114', 'stl_009003', '2026-07-13T02:41:26.265Z', '2026-07-13T02:42:48.265Z');
INSERT INTO payments (id, status, amount_cents, amount_refunded_cents, currency, method, description, customer_id, settlement_id, created_at, paid_at) VALUES ('tr_0020263151', 'paid', 1450, 0, 'EUR', 'paypal', 'House Espresso Blend 500g', 'cst_004156', 'stl_009002', '2026-07-02T13:59:39.265Z', '2026-07-02T14:01:02.265Z');
INSERT INTO payments (id, status, amount_cents, amount_refunded_cents, currency, method, description, customer_id, settlement_id, created_at, paid_at) VALUES ('tr_0020263288', 'open', 2750, 0, 'EUR', 'ideal', 'Ceramic pour-over dripper', 'cst_004135', NULL, '2026-07-17T14:16:49.265Z', NULL);
INSERT INTO payments (id, status, amount_cents, amount_refunded_cents, currency, method, description, customer_id, settlement_id, created_at, paid_at) VALUES ('tr_0020263425', 'paid', 5000, 0, 'EUR', 'applepay', 'Gift card', NULL, 'stl_009003', '2026-07-01T21:09:37.265Z', '2026-07-01T21:09:49.265Z');
INSERT INTO payments (id, status, amount_cents, amount_refunded_cents, currency, method, description, customer_id, settlement_id, created_at, paid_at) VALUES ('tr_0020263562', 'refunded', 1450, 1450, 'EUR', 'ideal', 'House Espresso Blend 500g', 'cst_004142', 'stl_009003', '2026-06-08T23:51:17.265Z', '2026-06-08T23:52:39.265Z');
INSERT INTO refunds (id, payment_id, amount_cents, currency, status, reason, created_at) VALUES ('re_00030026', 'tr_0020263562', 1450, 'EUR', 'refunded', 'Duplicate order', '2026-06-12T23:51:17.265Z');
INSERT INTO payments (id, status, amount_cents, amount_refunded_cents, currency, method, description, customer_id, settlement_id, created_at, paid_at) VALUES ('tr_0020263699', 'pending', 2900, 0, 'EUR', 'creditcard', 'House Espresso Blend 500g', 'cst_004100', NULL, '2026-07-21T03:31:07.265Z', NULL);
INSERT INTO payments (id, status, amount_cents, amount_refunded_cents, currency, method, description, customer_id, settlement_id, created_at, paid_at) VALUES ('tr_0020263836', 'partially_refunded', 3200, 1600, 'EUR', 'ideal', 'Ethiopia Yirgacheffe 1kg', NULL, 'stl_009001', '2026-06-15T14:21:34.265Z', '2026-06-15T14:22:36.265Z');
INSERT INTO refunds (id, payment_id, amount_cents, currency, status, reason, created_at) VALUES ('re_00030028', 'tr_0020263836', 1600, 'EUR', 'refunded', 'Item out of stock', '2026-06-17T14:21:34.265Z');
INSERT INTO payments (id, status, amount_cents, amount_refunded_cents, currency, method, description, customer_id, settlement_id, created_at, paid_at) VALUES ('tr_0020263973', 'refunded', 8700, 8700, 'EUR', 'creditcard', 'Colombia Supremo 1kg', 'cst_004142', NULL, '2026-07-21T15:52:22.265Z', '2026-07-21T15:53:51.265Z');
INSERT INTO refunds (id, payment_id, amount_cents, currency, status, reason, created_at) VALUES ('re_00030029', 'tr_0020263973', 8700, 'EUR', 'refunded', 'Duplicate order', '2026-07-26T15:52:22.265Z');
INSERT INTO payments (id, status, amount_cents, amount_refunded_cents, currency, method, description, customer_id, settlement_id, created_at, paid_at) VALUES ('tr_0020264110', 'paid', 4950, 0, 'EUR', 'ideal', 'Decaf Swiss Water 500g', 'cst_004121', 'stl_009001', '2026-07-03T19:44:23.265Z', '2026-07-03T19:45:53.265Z');
INSERT INTO payments (id, status, amount_cents, amount_refunded_cents, currency, method, description, customer_id, settlement_id, created_at, paid_at) VALUES ('tr_0020264247', 'paid', 6400, 0, 'EUR', 'bancontact', 'Ethiopia Yirgacheffe 1kg', 'cst_004135', 'stl_009005', '2026-07-16T13:59:52.265Z', '2026-07-16T14:00:05.265Z');
INSERT INTO payments (id, status, amount_cents, amount_refunded_cents, currency, method, description, customer_id, settlement_id, created_at, paid_at) VALUES ('tr_0020264384', 'paid', 17800, 0, 'EUR', 'ideal', 'Barista starter kit', 'cst_004142', 'stl_009002', '2026-06-27T11:00:00.265Z', '2026-06-27T11:00:48.265Z');
INSERT INTO payments (id, status, amount_cents, amount_refunded_cents, currency, method, description, customer_id, settlement_id, created_at, paid_at) VALUES ('tr_0020264521', 'paid', 5800, 0, 'EUR', 'paypal', 'Colombia Supremo 1kg', 'cst_004142', 'stl_009001', '2026-07-09T05:00:42.265Z', '2026-07-09T05:01:22.265Z');
INSERT INTO payments (id, status, amount_cents, amount_refunded_cents, currency, method, description, customer_id, settlement_id, created_at, paid_at) VALUES ('tr_0020264658', 'paid', 2400, 0, 'EUR', 'paypal', 'Cold Brew 6-pack', 'cst_004121', 'stl_009002', '2026-06-20T06:30:26.265Z', '2026-06-20T06:30:53.265Z');
INSERT INTO payments (id, status, amount_cents, amount_refunded_cents, currency, method, description, customer_id, settlement_id, created_at, paid_at) VALUES ('tr_0020264795', 'paid', 17800, 0, 'EUR', 'paypal', 'Barista starter kit', NULL, 'stl_009005', '2026-07-19T10:08:28.265Z', '2026-07-19T10:09:24.265Z');
INSERT INTO payments (id, status, amount_cents, amount_refunded_cents, currency, method, description, customer_id, settlement_id, created_at, paid_at) VALUES ('tr_0020264932', 'paid', 5000, 0, 'EUR', 'bancontact', 'Gift card', NULL, NULL, '2026-07-21T04:08:35.265Z', '2026-07-21T04:09:02.265Z');
INSERT INTO payments (id, status, amount_cents, amount_refunded_cents, currency, method, description, customer_id, settlement_id, created_at, paid_at) VALUES ('tr_0020265069', 'paid', 15000, 0, 'EUR', 'ideal', 'Gift card', NULL, 'stl_009003', '2026-07-01T10:06:28.265Z', '2026-07-01T10:07:50.265Z');
INSERT INTO payments (id, status, amount_cents, amount_refunded_cents, currency, method, description, customer_id, settlement_id, created_at, paid_at) VALUES ('tr_0020265206', 'paid', 3600, 0, 'EUR', 'bancontact', 'Single-origin sampler box', 'cst_004163', 'stl_009001', '2026-06-27T10:22:42.265Z', '2026-06-27T10:23:14.265Z');
INSERT INTO payments (id, status, amount_cents, amount_refunded_cents, currency, method, description, customer_id, settlement_id, created_at, paid_at) VALUES ('tr_0020265343', 'paid', 5800, 0, 'EUR', 'ideal', 'Colombia Supremo 1kg', 'cst_004135', 'stl_009003', '2026-06-18T04:35:05.265Z', '2026-06-18T04:35:58.265Z');
INSERT INTO payments (id, status, amount_cents, amount_refunded_cents, currency, method, description, customer_id, settlement_id, created_at, paid_at) VALUES ('tr_0020265480', 'failed', 2750, 0, 'EUR', 'ideal', 'Ceramic pour-over dripper', NULL, NULL, '2026-07-02T18:43:07.265Z', NULL);
INSERT INTO payments (id, status, amount_cents, amount_refunded_cents, currency, method, description, customer_id, settlement_id, created_at, paid_at) VALUES ('tr_0020265617', 'paid', 14400, 0, 'EUR', 'creditcard', 'Single-origin sampler box', 'cst_004135', 'stl_009003', '2026-07-15T23:11:24.265Z', '2026-07-15T23:12:05.265Z');
INSERT INTO payments (id, status, amount_cents, amount_refunded_cents, currency, method, description, customer_id, settlement_id, created_at, paid_at) VALUES ('tr_0020265754', 'failed', 5000, 0, 'EUR', 'ideal', 'Gift card', 'cst_004135', NULL, '2026-06-16T22:59:58.265Z', NULL);
INSERT INTO payments (id, status, amount_cents, amount_refunded_cents, currency, method, description, customer_id, settlement_id, created_at, paid_at) VALUES ('tr_0020265891', 'failed', 14400, 0, 'EUR', 'ideal', 'Single-origin sampler box', NULL, NULL, '2026-06-25T02:06:20.265Z', NULL);
INSERT INTO payments (id, status, amount_cents, amount_refunded_cents, currency, method, description, customer_id, settlement_id, created_at, paid_at) VALUES ('tr_0020266028', 'paid', 5800, 0, 'EUR', 'creditcard', 'Colombia Supremo 1kg', 'cst_004149', 'stl_009001', '2026-06-26T07:53:33.265Z', '2026-06-26T07:53:36.265Z');
INSERT INTO payments (id, status, amount_cents, amount_refunded_cents, currency, method, description, customer_id, settlement_id, created_at, paid_at) VALUES ('tr_0020266165', 'failed', 1650, 0, 'EUR', 'ideal', 'Decaf Swiss Water 500g', 'cst_004128', NULL, '2026-07-11T20:46:00.265Z', NULL);
INSERT INTO payments (id, status, amount_cents, amount_refunded_cents, currency, method, description, customer_id, settlement_id, created_at, paid_at) VALUES ('tr_0020266302', 'paid', 8250, 0, 'EUR', 'ideal', 'Ceramic pour-over dripper', 'cst_004114', 'stl_009001', '2026-06-28T13:29:44.265Z', '2026-06-28T13:29:51.265Z');
INSERT INTO payments (id, status, amount_cents, amount_refunded_cents, currency, method, description, customer_id, settlement_id, created_at, paid_at) VALUES ('tr_0020266439', 'open', 2750, 0, 'EUR', 'ideal', 'Ceramic pour-over dripper', 'cst_004135', NULL, '2026-07-08T14:00:29.265Z', NULL);
INSERT INTO payments (id, status, amount_cents, amount_refunded_cents, currency, method, description, customer_id, settlement_id, created_at, paid_at) VALUES ('tr_0020266576', 'open', 17800, 0, 'EUR', 'klarna', 'Barista starter kit', NULL, NULL, '2026-06-12T09:51:54.265Z', NULL);
INSERT INTO payments (id, status, amount_cents, amount_refunded_cents, currency, method, description, customer_id, settlement_id, created_at, paid_at) VALUES ('tr_0020266713', 'expired', 8900, 0, 'EUR', 'paypal', 'Barista starter kit', NULL, NULL, '2026-07-05T04:52:00.265Z', NULL);
INSERT INTO payments (id, status, amount_cents, amount_refunded_cents, currency, method, description, customer_id, settlement_id, created_at, paid_at) VALUES ('tr_0020266850', 'paid', 1650, 0, 'EUR', 'ideal', 'Decaf Swiss Water 500g', 'cst_004107', 'stl_009005', '2026-07-16T01:55:42.265Z', '2026-07-16T01:56:09.265Z');
INSERT INTO payments (id, status, amount_cents, amount_refunded_cents, currency, method, description, customer_id, settlement_id, created_at, paid_at) VALUES ('tr_0020266987', 'canceled', 3600, 0, 'EUR', 'applepay', 'Single-origin sampler box', 'cst_004149', NULL, '2026-07-09T18:01:46.265Z', NULL);
INSERT INTO payments (id, status, amount_cents, amount_refunded_cents, currency, method, description, customer_id, settlement_id, created_at, paid_at) VALUES ('tr_0020267124', 'partially_refunded', 2750, 908, 'EUR', 'ideal', 'Ceramic pour-over dripper', 'cst_004142', 'stl_009002', '2026-06-28T17:16:38.265Z', '2026-06-28T17:18:02.265Z');
INSERT INTO refunds (id, payment_id, amount_cents, currency, status, reason, created_at) VALUES ('re_00030052', 'tr_0020267124', 908, 'EUR', 'refunded', 'Item out of stock', '2026-07-02T17:16:38.265Z');
INSERT INTO payments (id, status, amount_cents, amount_refunded_cents, currency, method, description, customer_id, settlement_id, created_at, paid_at) VALUES ('tr_0020267261', 'paid', 5500, 0, 'EUR', 'creditcard', 'Ceramic pour-over dripper', 'cst_004156', 'stl_009002', '2026-06-28T23:25:53.265Z', '2026-06-28T23:26:39.265Z');
INSERT INTO payments (id, status, amount_cents, amount_refunded_cents, currency, method, description, customer_id, settlement_id, created_at, paid_at) VALUES ('tr_0020267398', 'expired', 3200, 0, 'EUR', 'creditcard', 'Ethiopia Yirgacheffe 1kg', 'cst_004149', NULL, '2026-07-13T16:33:49.265Z', NULL);
INSERT INTO payments (id, status, amount_cents, amount_refunded_cents, currency, method, description, customer_id, settlement_id, created_at, paid_at) VALUES ('tr_0020267535', 'paid', 2200, 0, 'EUR', 'ideal', 'Monthly beans subscription', 'cst_004142', 'stl_009002', '2026-07-05T02:03:22.265Z', '2026-07-05T02:03:56.265Z');
INSERT INTO payments (id, status, amount_cents, amount_refunded_cents, currency, method, description, customer_id, settlement_id, created_at, paid_at) VALUES ('tr_0020267672', 'paid', 2400, 0, 'EUR', 'applepay', 'Cold Brew 6-pack', NULL, 'stl_009004', '2026-07-04T09:51:23.265Z', '2026-07-04T09:52:34.265Z');
INSERT INTO payments (id, status, amount_cents, amount_refunded_cents, currency, method, description, customer_id, settlement_id, created_at, paid_at) VALUES ('tr_0020267809', 'paid', 3300, 0, 'EUR', 'ideal', 'Decaf Swiss Water 500g', 'cst_004128', 'stl_009002', '2026-07-05T08:22:48.265Z', '2026-07-05T08:22:56.265Z');
INSERT INTO payments (id, status, amount_cents, amount_refunded_cents, currency, method, description, customer_id, settlement_id, created_at, paid_at) VALUES ('tr_0020267946', 'paid', 8700, 0, 'EUR', 'ideal', 'Colombia Supremo 1kg', 'cst_004100', 'stl_009005', '2026-06-15T22:45:35.265Z', '2026-06-15T22:46:54.265Z');
INSERT INTO payments (id, status, amount_cents, amount_refunded_cents, currency, method, description, customer_id, settlement_id, created_at, paid_at) VALUES ('tr_0020268083', 'paid', 1650, 0, 'EUR', 'creditcard', 'Decaf Swiss Water 500g', 'cst_004149', 'stl_009004', '2026-07-12T15:49:06.265Z', '2026-07-12T15:49:35.265Z');
INSERT INTO payments (id, status, amount_cents, amount_refunded_cents, currency, method, description, customer_id, settlement_id, created_at, paid_at) VALUES ('tr_0020268220', 'paid', 3300, 0, 'EUR', 'ideal', 'Decaf Swiss Water 500g', 'cst_004114', 'stl_009005', '2026-06-28T12:23:17.265Z', '2026-06-28T12:24:41.265Z');
INSERT INTO payments (id, status, amount_cents, amount_refunded_cents, currency, method, description, customer_id, settlement_id, created_at, paid_at) VALUES ('tr_0020268357', 'failed', 1650, 0, 'EUR', 'ideal', 'Decaf Swiss Water 500g', 'cst_004163', NULL, '2026-07-08T01:04:04.265Z', NULL);
INSERT INTO payments (id, status, amount_cents, amount_refunded_cents, currency, method, description, customer_id, settlement_id, created_at, paid_at) VALUES ('tr_0020268494', 'paid', 3200, 0, 'EUR', 'creditcard', 'Ethiopia Yirgacheffe 1kg', 'cst_004100', 'stl_009001', '2026-06-22T08:50:13.265Z', '2026-06-22T08:51:41.265Z');
INSERT INTO payments (id, status, amount_cents, amount_refunded_cents, currency, method, description, customer_id, settlement_id, created_at, paid_at) VALUES ('tr_0020268631', 'paid', 3600, 0, 'EUR', 'ideal', 'Single-origin sampler box', 'cst_004156', 'stl_009002', '2026-07-10T11:50:24.265Z', '2026-07-10T11:50:48.265Z');
INSERT INTO payments (id, status, amount_cents, amount_refunded_cents, currency, method, description, customer_id, settlement_id, created_at, paid_at) VALUES ('tr_0020268768', 'paid', 8800, 0, 'EUR', 'creditcard', 'Monthly beans subscription', 'cst_004121', 'stl_009003', '2026-07-10T10:32:48.265Z', '2026-07-10T10:33:49.265Z');
INSERT INTO payments (id, status, amount_cents, amount_refunded_cents, currency, method, description, customer_id, settlement_id, created_at, paid_at) VALUES ('tr_0020268905', 'refunded', 2400, 2400, 'EUR', 'ideal', 'Cold Brew 6-pack', 'cst_004128', 'stl_009003', '2026-06-08T04:07:20.265Z', '2026-06-08T04:08:20.265Z');
INSERT INTO refunds (id, payment_id, amount_cents, currency, status, reason, created_at) VALUES ('re_00030065', 'tr_0020268905', 2400, 'EUR', 'refunded', 'Damaged in transit', '2026-06-11T04:07:20.265Z');
INSERT INTO payments (id, status, amount_cents, amount_refunded_cents, currency, method, description, customer_id, settlement_id, created_at, paid_at) VALUES ('tr_0020269042', 'paid', 8800, 0, 'EUR', 'bancontact', 'Monthly beans subscription', 'cst_004149', 'stl_009004', '2026-06-20T19:15:23.265Z', '2026-06-20T19:16:06.265Z');
INSERT INTO payments (id, status, amount_cents, amount_refunded_cents, currency, method, description, customer_id, settlement_id, created_at, paid_at) VALUES ('tr_0020269179', 'paid', 4800, 0, 'EUR', 'paypal', 'Cold Brew 6-pack', NULL, 'stl_009004', '2026-07-14T05:18:56.265Z', '2026-07-14T05:19:52.265Z');
INSERT INTO payments (id, status, amount_cents, amount_refunded_cents, currency, method, description, customer_id, settlement_id, created_at, paid_at) VALUES ('tr_0020269316', 'paid', 4350, 0, 'EUR', 'paypal', 'House Espresso Blend 500g', 'cst_004121', 'stl_009004', '2026-06-11T12:00:19.265Z', '2026-06-11T12:00:48.265Z');
INSERT INTO payments (id, status, amount_cents, amount_refunded_cents, currency, method, description, customer_id, settlement_id, created_at, paid_at) VALUES ('tr_0020269453', 'paid', 10000, 0, 'EUR', 'paypal', 'Gift card', 'cst_004135', 'stl_009004', '2026-07-16T12:11:27.265Z', '2026-07-16T12:11:52.265Z');
INSERT INTO payments (id, status, amount_cents, amount_refunded_cents, currency, method, description, customer_id, settlement_id, created_at, paid_at) VALUES ('tr_0020269590', 'pending', 2400, 0, 'EUR', 'ideal', 'Cold Brew 6-pack', 'cst_004107', NULL, '2026-07-12T20:27:07.265Z', NULL);
INSERT INTO payments (id, status, amount_cents, amount_refunded_cents, currency, method, description, customer_id, settlement_id, created_at, paid_at) VALUES ('tr_0020269727', 'paid', 1650, 0, 'EUR', 'applepay', 'Decaf Swiss Water 500g', 'cst_004156', 'stl_009003', '2026-06-26T02:02:33.265Z', '2026-06-26T02:03:07.265Z');
INSERT INTO payments (id, status, amount_cents, amount_refunded_cents, currency, method, description, customer_id, settlement_id, created_at, paid_at) VALUES ('tr_0020269864', 'paid', 3600, 0, 'EUR', 'banktransfer', 'Single-origin sampler box', 'cst_004100', 'stl_009005', '2026-06-18T01:41:57.265Z', '2026-06-18T01:42:59.265Z');
INSERT INTO payments (id, status, amount_cents, amount_refunded_cents, currency, method, description, customer_id, settlement_id, created_at, paid_at) VALUES ('tr_0020270001', 'failed', 2750, 0, 'EUR', 'creditcard', 'Ceramic pour-over dripper', 'cst_004156', NULL, '2026-06-21T19:49:07.265Z', NULL);
INSERT INTO payments (id, status, amount_cents, amount_refunded_cents, currency, method, description, customer_id, settlement_id, created_at, paid_at) VALUES ('tr_0020270138', 'open', 2400, 0, 'EUR', 'paypal', 'Cold Brew 6-pack', 'cst_004100', NULL, '2026-06-17T23:54:51.265Z', NULL);
INSERT INTO payments (id, status, amount_cents, amount_refunded_cents, currency, method, description, customer_id, settlement_id, created_at, paid_at) VALUES ('tr_0020270275', 'charged_back', 5000, 0, 'EUR', 'ideal', 'Gift card', 'cst_004121', 'stl_009004', '2026-06-18T09:38:46.265Z', '2026-06-18T09:39:23.265Z');
INSERT INTO payments (id, status, amount_cents, amount_refunded_cents, currency, method, description, customer_id, settlement_id, created_at, paid_at) VALUES ('tr_0020270412', 'failed', 2400, 0, 'EUR', 'creditcard', 'Cold Brew 6-pack', 'cst_004121', NULL, '2026-07-04T13:37:06.265Z', NULL);
INSERT INTO payments (id, status, amount_cents, amount_refunded_cents, currency, method, description, customer_id, settlement_id, created_at, paid_at) VALUES ('tr_0020270549', 'canceled', 3300, 0, 'EUR', 'creditcard', 'Decaf Swiss Water 500g', 'cst_004128', NULL, '2026-06-25T03:21:59.265Z', NULL);
UPDATE settlements SET amount_cents = 0 WHERE id = 'stl_009000';
UPDATE settlements SET amount_cents = 50850 WHERE id = 'stl_009001';
UPDATE settlements SET amount_cents = 50850 WHERE id = 'stl_009002';
UPDATE settlements SET amount_cents = 65450 WHERE id = 'stl_009003';
UPDATE settlements SET amount_cents = 46400 WHERE id = 'stl_009004';
UPDATE settlements SET amount_cents = 90800 WHERE id = 'stl_009005';
INSERT INTO payment_links (id, description, amount_cents, currency, status, url, created_at, paid_at) VALUES ('pl_00050000', 'Wholesale invoice — Café Nero', 24000, 'EUR', 'paid', 'https://pay.payla.dev/00050000', '2026-07-11T21:44:37.265Z', '2026-07-14T21:44:37.265Z');
INSERT INTO payment_links (id, description, amount_cents, currency, status, url, created_at, paid_at) VALUES ('pl_00050011', 'Event catering deposit', 15000, 'EUR', 'active', 'https://pay.payla.dev/00050011', '2026-07-06T21:44:37.265Z', NULL);
INSERT INTO payment_links (id, description, amount_cents, currency, status, url, created_at, paid_at) VALUES ('pl_00050022', 'Roastery tour — 4 tickets', 8000, 'EUR', 'paid', 'https://pay.payla.dev/00050022', '2026-07-17T21:44:37.265Z', '2026-07-21T21:44:37.265Z');
INSERT INTO payment_links (id, description, amount_cents, currency, status, url, created_at, paid_at) VALUES ('pl_00050033', 'Custom blend consultation', 6500, 'EUR', 'active', 'https://pay.payla.dev/00050033', '2026-07-15T21:44:37.265Z', NULL);
INSERT INTO payment_links (id, description, amount_cents, currency, status, url, created_at, paid_at) VALUES ('pl_00050044', 'Holiday gift bundle', 4500, 'EUR', 'expired', 'https://pay.payla.dev/00050044', '2026-07-12T21:44:37.265Z', NULL);
INSERT INTO payment_links (id, description, amount_cents, currency, status, url, created_at, paid_at) VALUES ('pl_00050055', 'Subscription top-up', 2200, 'EUR', 'active', 'https://pay.payla.dev/00050055', '2026-07-03T21:44:37.265Z', NULL);
INSERT INTO disputes (id, payment_id, amount_cents, currency, reason, status, created_at, due_at) VALUES ('chb_00070000', 'tr_0020267261', 5500, 'EUR', 'fraudulent', 'open', '2026-07-09T23:25:53.265Z', '2026-07-23T23:25:53.265Z');
INSERT INTO disputes (id, payment_id, amount_cents, currency, reason, status, created_at, due_at) VALUES ('chb_00070001', 'tr_0020268768', 8800, 'EUR', 'product_not_received', 'under_review', '2026-07-17T10:32:48.265Z', '2026-07-31T10:32:48.265Z');
INSERT INTO disputes (id, payment_id, amount_cents, currency, reason, status, created_at, due_at) VALUES ('chb_00070002', 'tr_0020264795', 17800, 'EUR', 'duplicate', 'won', '2026-07-24T10:08:28.265Z', NULL);
INSERT INTO disputes (id, payment_id, amount_cents, currency, reason, status, created_at, due_at) VALUES ('chb_00070003', 'tr_0020260685', 2200, 'EUR', 'subscription_canceled', 'lost', '2026-07-03T12:10:57.265Z', NULL);
INSERT INTO balance (id, available_cents, pending_cents, currency) VALUES (1, 46822, 50850, 'EUR');
INSERT INTO settings (id, merchant_name, merchant_id, email, country, payout_schedule, statement_descriptor, test_mode) VALUES (1, 'Mo''s Coffee Roasters', 'org_payla_demo', 'owner@moscoffee.example', 'NL', 'daily', 'MOS COFFEE', 0);
